{"acuracia": 0.55, "f1_score": 0.5410256410256411, "sensibilidade": 0.55, "precisao": 0.5345238095238095}