{"acuracia": 0.65, "f1_score": 0.6203761755485893, "sensibilidade": 0.65, "precisao": 0.621875}