{"acuracia": 0.65, "f1_score": 0.643019943019943, "sensibilidade": 0.65, "precisao": 0.6392857142857143}